編號,序號,事業單位統一編號,事業單位,行業別,災害類型,罹災人數（數量）,業主,業主統一編號,工程名稱,場所（肇災處）,縣市,地址,勞動檢查機構,年度,發生日期,是否顯示於地圖,agencyCode
1,1,53226365,富來登事業有限公司,N支援服務業(建築物一般清潔服務業),墜落、滾落,1,萊爾富國際股份有限公司,23285582,萊爾富超商招牌清洗作業,萊爾富國際股份有限公司公正店,2283,宜蘭縣羅東鎮公正路342號,勞動部職業安全衛生署北區職業安全衛生中心,2019,2019-12-28,是,01
2,2,97022281,大有營造股份有限公司,F營造業(其他土木工程業),跌倒,1,柯○○,無,柯○○住宅新建工程,「柯○○住宅新建工程」工地,2272,,勞動部職業安全衛生署中區職業安全衛生中心,2019,2019-12-28,否,02
3,3,,合秦建設有限公司,L不動產業(不動產開發業),物體倒塌、崩塌,2,,,合秦建設有限公司新建工程,開挖區,2273,彰化縣花壇鄉彰員路1段429號旁,勞動部職業安全衛生署中區職業安全衛生中心,2019,2019-12-27,是,02
4,4,33956722,樺嶺企業股份有限公司,C製造業(鋁鑄造業),感電,1,樺嶺企業股份有限公司,33956722,,鋁擠型成品包裝區,2278,鹽水區岸內里蔦松腳13之6號,勞動部職業安全衛生署南區職業安全衛生中心,2019,2019-12-26,是,03
5,5,,王OO(即順陞海事工程行),F營造業(其他土木工程業),溺斃,1,交通部航港局,,委任廠商進行無名貨船擱淺船體移除等事宜案,無名貨船擱淺處海岸,2283,,勞動部職業安全衛生署北區職業安全衛生中心,2019,2019-12-25,否,01
6,6,,佳和實業股份有限公司,C製造業(棉毛紡紗業),,1,,,布廠新裝機台24台配管配電工程,官田廠織布廠地下室,umb://document/35d344a135f2490f94a466f0b50746c4,臺南市官田區工業路11號,,2019,2019-12-25,是,
7,7,,博勝實業股份有限公司,C製造業(機車零件製造業),被夾、被捲,1,,,,博勝實業股份有限公司油壓作業區,2278,臺南市永康區王行里王行路68巷6之2號,勞動部職業安全衛生署南區職業安全衛生中心,2019,2019-12-24,是,03
8,8,,宏林營造廠股份有限公司,F營造業(建築工程業),衝撞,1,聯虹建設股份有限公司,,聯虹天耀2集合住宅新建工程,地下3樓,2267,新北市林口區吉祥路176號旁,新北市政府勞動檢查處,2019,2019-12-23,是,05
9,9,,國記營造股份有限公司,F營造業(建築工程業),墜落、滾落,1,臺北市政府都市發展局,,（106建236）臺北市北投區奇岩公宅新建工程,臺北市北投區磺港路288號對面,2266,北投區磺港路288號對面,臺北市勞動檢查處,2019,2019-12-20,是,04
10,10,,岱盟工程有限公司,F營造業(建築工程業),墜落、滾落,1,國聚建設有限公司,,國聚建設永富段新建工程,於1樓室內閱覽室跨坐於合梯頂板(高度約1.73公尺)以交叉拉桿進行牆面螺桿拆除作業時，隨合梯傾倒墜落,2272,臺中市南屯區龍富路四段437號旁,勞動部職業安全衛生署中區職業安全衛生中心,2019,2019-12-19,是,02
11,11,,富強輪胎工廠股份有限公司,C製造業(輪胎製造業),物體飛落,1,,,,富強輪胎工廠股份有限公司,2273,,勞動部職業安全衛生署中區職業安全衛生中心,2019,2019-12-19,否,02
12,12,,良記營造股份有限公司,F營造業(其他專門營造業),感電,1,台灣電力股份有限公司,,林口電廠更新擴建計畫第三期灰塘工程,鄰近林口電廠地磅站旁,2267,新北市林口區下福里139之1號,新北市政府勞動檢查處,2019,2019-12-19,是,05
13,13,,南投縣鹿谷鄉公所,O公共行政及國防；強制性社會安全(政府機關),墜落、滾落,1,無,,無,南投縣鹿谷鄉外城巷(外城分8號電桿前10公尺處),2274,,勞動部職業安全衛生署中區職業安全衛生中心,2019,2019-12-13,否,02
14,14,16750540,江浚實業有限公司,E用水供應及污染整治業(非有害廢棄物處理業),被撞,1,,,,臺北市士林區延平北路七段1號,2266,臺北市士林區延平北路七段1號,臺北市勞動檢查處,2019,2019-12-12,是,04
15,15,,陳○○,F營造業(其他專門營造業),墜落、滾落,1,合禮企業股份有限公司,,合禮企業股份有限公司外牆拉皮工程,合禮公司廠房建物外牆,2268,桃園市龜山區文明三街6號,桃園市政府勞動檢查處,2019,2019-12-11,是,06
16,16,,麗富康國際股份有限公司,G批發及零售業(化粧品批發業),物體飛落,1,麗富康國際股份有限公司,,,麗富康國際股份有限公司股東張○○住宅,2271,,勞動部職業安全衛生署中區職業安全衛生中心,2019,2019-12-10,否,02
17,17,,泉國工業股份有限公司大溪廠,C製造業(鋼鐵軋延及擠型業),墜落、滾落,1,,,,泉國工業股份有限公司大溪廠（址設：桃園市大溪區信義路240之1號）之大門前庭遮雨棚,2268,桃園市大溪區信義路240之1號,桃園市政府勞動檢查處,2019,2019-12-10,是,06
18,18,,踴隆企業有限公司,C製造業(製材業),物體倒塌、崩塌,1,-,,-,踴隆企業有限公司之廠區第三條路,2279,高雄市大寮區會結二路３２６巷３７號,高雄市政府勞工局勞動檢查處,2019,2019-12-10,是,09
19,19,,萬安保全股份有限公司,N支援服務業(保全及偵探業),其他交通事故,1,台灣美光記憶體(股)公司,,,台灣美光記憶體(股)公司台中二廠,2272,,中部科學園區管理局,2019,2019-12-05,否,12
20,20,,泉元室內裝潢工程有限公司,F營造業(建物完工裝修工程業),墜落、滾落,1,信義房屋股份有限公司,,新莊副都心一小段362、362-1地號雅朵花園接待中心裝修工程,地上1樓,2267,,新北市政府勞動檢查處,2019,2019-12-04,否,05
21,21,,泛亞工程建設股份有限公司,F營造業(其他專門營造業),溺斃,3,台灣中油股份有限公司,,第三座液化天然氣接收站建港及圍堤造地新建工程,臺北港南堤側海上,2267,新北市八里區臺北港北7之2至9之1碼頭,新北市政府勞動檢查處,2019,2019-12-01,是,05
22,22,,匯潔事業有限公司,N支援服務業(建築物一般清潔服務業),跌倒,1,,,,新北市中和區中山路2段232巷21號,2267,新北市中和區中山路2段232巷21號,新北市政府勞動檢查處,2019,2019-11-29,是,05
23,23,,邱OO,A農、林、漁、牧業(其他農作物栽培業),墜落、滾落,1,無,,無,臺中市北屯區OO巷OO號旁竹林斜坡,2272,,勞動部職業安全衛生署中區職業安全衛生中心,2019,2019-11-28,否,02
24,24,,胡○○,A農、林、漁、牧業(漁撈業),被撞,1,,,,,2265,,勞動部職業安全衛生署北區職業安全衛生中心,2019,2019-11-27,否,01
25,25,,大佳土木包工業有限公司,F營造業(建築工程業),墜落、滾落,1,林○○、林○○,,林○○、林○○住宅裝修工程,林○○、林○○住宅1樓,2278,,勞動部職業安全衛生署南區職業安全衛生中心,2019,2019-11-27,否,03
26,26,,志佳營造有限公司,F營造業(道路工程業),墜落、滾落,1,新竹縣尖石鄉公所,,108年4月21日豪大雨竹60線45K+100等3處(C1類)災害復建工程,,2270,新竹縣尖石鄉竹60線29K+900,勞動部職業安全衛生署北區職業安全衛生中心,2019,2019-11-25,是,01
27,27,,安研企業有限公司,G批發及零售業(建材零售業),墜落、滾落,1,,,走遍天下食品有限公司工廠整修工程,地上3樓,2267,新北市瑞芳區頂坪路104號,新北市政府勞動檢查處,2019,2019-11-24,是,05
28,28,,悅騰建設股份有限公司,F營造業(建築工程業),墜落、滾落,1,悅騰建設股份有限公司,,西屯區上石碑段集合住宅新建工程,1樓大廳走道,2272,臺中市西屯區西屯路二段與弘孝路口,勞動部職業安全衛生署中區職業安全衛生中心,2019,2019-11-22,是,02
29,29,,李00,M專業、科學及技術服務業(未分類其他專業、科學及技術服務業),被夾、被捲,1,,,,00工程有限公司,2271,,勞動部職業安全衛生署中區職業安全衛生中心,2019,2019-11-21,否,02
30,30,42923364,勝多立科技有限公司,C製造業(其他塑膠製品製造業),被撞,1,,,,臺南市永康區正南三路237號,2278,臺南市永康區正南三路237號,勞動部職業安全衛生署南區職業安全衛生中心,2019,2019-11-21,是,03
31,31,35882520,中華電線電纜股份有限公司,C製造業(電線及電纜製造業),物體飛落,1,,,,空軸存放區,2267,,新北市政府勞動檢查處,2019,2019-11-20,否,05
32,32,,吳OO,S其他服務業(其他個人服務業),公路交通事故,1,,,,新北市板橋區篤行路2段與滿平街口,2267,新北市板橋區篤行路2段與滿平街口,新北市政府勞動檢查處,2019,2019-11-20,是,05
33,33,,自營作業者謝OO,F營造業(其他專門營造業),墜落、滾落,1,觀音廟管理委員會,,觀音廟屋頂剪黏工程,觀音廟,2268,桃園市大溪區信義路460巷33-1號,桃園市政府勞動檢查處,2019,2019-11-18,是,06
34,34,,舜勝水電工程有限公司,F營造業(機電、電信及電路設備安裝業),墜落、滾落,1,康儀科技股份有限公司,,康儀科技股份有限公司龜山倉庫天花板水銀燈維修工程,龜山倉庫3樓出貨貨梯出入口前方處,2268,桃園市龜山區頂湖路86號,桃園市政府勞動檢查處,2019,2019-11-15,是,06
35,35,17183926,宇捷裝潢工程行,F營造業(建物完工裝修工程業),墜落、滾落,1,駿寳建設股份有限公司,29085415,駿寶建設股份有限公司新建工程,自屋突電梯井墜落至高度約15公尺1樓機坑內或自4樓電梯井墜落至高度約11.8公尺1樓機坑內,2272,,勞動部職業安全衛生署中區職業安全衛生中心,2019,2019-11-14,否,02
36,36,53432055,聖鋒營造有限公司,F營造業(道路工程業),公路交通事故,1,臺北市政府工務局新建工程處,03775007,108年度全市橋涵維護工程開口契約第5標(士林、北投區),大度路往社子方向匝道、第2條伸縮縫、外車道處,2266,,臺北市勞動檢查處,2019,2019-11-12,否,04
37,37,,金春福營造股份有限公司,F營造業(建築工程業),墜落、滾落,1,新竹市政府,,新竹市元培街148巷拓寬至大坪頂(8公尺路寬)工程,新竹市元培街148巷0K+415,2269,新竹市元培街148巷0K+415,勞動部職業安全衛生署北區職業安全衛生中心,2019,2019-11-10,是,01
38,38,,基正營造有限公司,F營造業(建築工程業),墜落、滾落,1,金昇國際股份有限公司,,朝陽科大至霧峰區電影文化城第一期社區前蓄水池工程,「朝陽科大至霧峰區電影文化城第一期社區前蓄水池工程」工地,2272,臺中市霧峰區吉峰東路168號朝陽科大後山,勞動部職業安全衛生署中區職業安全衛生中心,2019,2019-11-10,是,02
39,39,,林OO,H運輸及倉儲業(汽車貨運業),物體倒塌、崩塌,1,國勝建材有限公司,23286528,,水泥堆置場,2267,,新北市政府勞動檢查處,2019,2019-11-08,否,05
40,40,,滿心企業股份有限公司,G批發及零售業(服裝及其配件零售業),不能歸類,1,漢神名店百貨股份有限公司,,,高雄市前金區成功一路266-1號8樓,2279,,高雄市政府勞工局勞動檢查處,2019,2019-11-08,是,09
41,41,,豆穌朋食品股份有限公司,C製造業(烘焙炊蒸食品製造業),被夾、被捲,1,,,,新北市新店區寶興路45巷6弄10號,2267,,新北市政府勞動檢查處,2019,2019-11-06,否,05
42,42,,台灣電力股份有限公司台南區營業處,D電力及燃氣供應業(電力供應業),墜落、滾落,1,,,108年甲工區妨礙配電線路樹竹修剪工作,台南市佳里區子龍里段產業道路佳麻高幹編號#58左7右8電桿旁,2278,,勞動部職業安全衛生署南區職業安全衛生中心,2019,2019-11-05,否,03
43,43,12136930,春原營造股份有限公司,F營造業(建築工程業),墜落、滾落,1,臺北市政府工務局新建工程處,03775007,北部流行音樂中心興建工程（北基地零星工程）,臺北市南港區市民大道8段99號,2266,臺北市南港區市民大道8段99號,臺北市勞動檢查處,2019,2019-11-05,是,04
44,44,,晉瀚企業有限公司,F營造業(其他專門營造業),墜落、滾落,1,南投縣草屯鎮富功國民小學,,富功樓停用貨梯啟用評估工作,南投縣草屯鎮富功國民小學富功樓,2274,南投縣草屯鎮富寮里中正路567號,勞動部職業安全衛生署中區職業安全衛生中心,2019,2019-11-04,是,02
45,45,,泰源建材有限公司,F營造業(整地、基礎及結構工程業),墜落、滾落,1,國防部憲兵指揮部,,(108拆117)南京營區拆除工程,臺北市松山區南京東路3段340號,2266,松山區南京東路3段340號,臺北市勞動檢查處,2019,2019-11-04,是,04
46,46,,陳OO(自營作業者),F營造業(其他建築設備安裝業),溺斃,1,瑞獅企業有限公司,80190143,,臺北市信義區忠孝東路5段133號1樓,2266,,臺北市勞動檢查處,2019,2019-11-04,否,04
47,47,,葉OO、葉OO,F營造業(其他專門營造業),墜落、滾落,1,黃００,,黃OO民宅整修工程,1樓室內工作臺旁,2274,,勞動部職業安全衛生署中區職業安全衛生中心,2019,2019-11-02,否,02
48,48,,瑩泰土木包工業,F營造業(其他土木工程業),被夾、被捲,1,行政院農業委員會水土保持局臺南分局,,東山區紅龍果生產環境改善工程,大客里南99-1線往東原方向的產業道路,2278,,勞動部職業安全衛生署南區職業安全衛生中心,2019,2019-11-02,否,03
49,49,,東億環保實業有限公司,E用水供應及污染整治業(非有害廢棄物清除業),跌倒,1,無,,無,回收場內鏟土機旁,2272,,勞動部職業安全衛生署中區職業安全衛生中心,2019,2019-11-01,否,02
50,50,,蘇○○,F營造業(其他土木工程業),被夾、被捲,1,-,,屋頂油漆工程,新竹縣湖口鄉(電動軌道鐵門),2270,,勞動部職業安全衛生署北區職業安全衛生中心,2019,2019-10-31,否,01
51,51,53365561,動力育樂有限公司,N支援服務業(個人及家庭用品租賃業),物體倒塌、崩塌,1,,,,動力育樂有限公司旁空地,2268,桃園市大溪區員林路2段382巷78弄31號旁空地。,桃園市政府勞動檢查處,2019,2019-10-31,是,06
52,52,,豪豐營造股份有限公司,F營造業(建築工程業),感電,1,王○○,,桃園市大園區港口段40地號等1筆新建工程,桃園市大園區港口段40地號,2268,桃園市大園區港口段40地號,桃園市政府勞動檢查處,2019,2019-10-31,是,06
53,53,,施○○（即均盛發工程行）,E用水供應及污染整治業(廢水及污水處理業),其他,1,,,水處理場水池清理礦泥移除工作,中國鋼鐵股份有限公司W5水場外廠內道路,2279,高雄市小港區中鋼路1號,高雄市政府勞工局勞動檢查處,2019,2019-10-30,是,09
54,54,,溫OO,S其他服務業(汽車維修業),被撞,1,,,,自宅,2268,,桃園市政府勞動檢查處,2019,2019-10-29,否,06
55,55,20561107,貝民股份有限公司香山廠,C製造業(化學原材料製造業),與有害物等之接觸,1,無,,無,貝民股份有限公司香山廠硫酸O槽回收泵,2269,,勞動部職業安全衛生署北區職業安全衛生中心,2019,2019-10-28,否,01
56,56,,京杭建設有限公司,L不動產業(不動產開發業),墜落、滾落,1,,,吾映良品11期住宅工程,B8棟4樓露台,2278,麻豆區寮子廍2之80號,勞動部職業安全衛生署南區職業安全衛生中心,2019,2019-10-28,是,03
57,57,85623957,日商鹿島營造股份有限公司臺灣分公司,F營造業(道路工程業),墜落、滾落,1,台灣電力股份有限公司輸變電工程處北區施工處,86829892,松湖~大安、深美~大安345kV電纜線路潛盾洞道暨附屬機電統包工程,地下深度約51公尺隧道內,2266,臺北市松山區敦化南路1段,臺北市勞動檢查處,2019,2019-10-26,是,04
58,58,,昇揚營造有限公司,F營造業(其他土木工程業),墜落、滾落,1,國立故宮博物院,,南部院區園區景觀藝術化親子互動區工程,本工程地下室機房處,2277,嘉義縣太保市故宮大道888號,勞動部職業安全衛生署南區職業安全衛生中心,2019,2019-10-23,是,03
59,59,86964812,威勝營造有限公司,F營造業(其他土木工程業),被夾、被捲,1,交通部高速公路局第二新建工程處,00972378,國道高速公路後續路段橋梁耐震補強工程(台南路段)第M37G標,國道高速公路烏山頭北上出口交流道南側約700公尺本工程編號P43L基樁,2278,,勞動部職業安全衛生署南區職業安全衛生中心,2019,2019-10-22,否,03
60,60,,盈舜營造有限公司,F營造業(建築工程業),墜落、滾落,1,國城建設股份有限公司,,獅甲段B基地大樓(高雄市獅甲段一小段526地號)新建工程,高雄市前鎮區中華五路與復興三路口/獅甲段一小段526地號,2279,獅甲段一小段526地號,高雄市政府勞工局勞動檢查處,2019,2019-10-20,是,09
61,61,34202841,榮成紙業股份有限公司,C製造業(紙漿製造業),被夾、被捲,1,榮成紙業股份有限公司,,,榮成紙業股份有限公司,2273,,勞動部職業安全衛生署中區職業安全衛生中心,2019,2019-10-19,否,02
62,62,,甲乙營造工程有限公司,F營造業(機電、電信及電路設備安裝業),墜落、滾落,1,豪氣建設有限公司,,潮寮北段24戶透天新建工程,高雄市大寮區華中南路178之3號旁(施工架),2279,高雄市大寮區華中南路178之5號,高雄市政府勞工局勞動檢查處,2019,2019-10-17,是,09
63,63,,協俐鑄造股份有限公司山上廠,C製造業(鋼鐵鑄造業),跌倒,1,,,,臺南市山上區明和里北勢洲21之8號,2278,臺南市山上區明和里北勢洲21之8號,勞動部職業安全衛生署南區職業安全衛生中心,2019,2019-10-15,是,03
64,64,83076928,優食台灣股份有限公司,H運輸及倉儲業(汽車貨運業),公路交通事故,1,-,83076928,-,-,,臺北市士林區中正路 580 號前,臺北市勞動檢查處,2019,2019-10-13,是,04
65,65,86858360,奕捷營造股份有限公司,F營造業(建築工程業),墜落、滾落,1,陳OO、毅楓建設有限公司,,東海首璽住宅新建工程,5樓外牆施工架,2282,花蓮縣吉安鄉東海六街33號對面,勞動部職業安全衛生署北區職業安全衛生中心,2019,2019-10-10,是,01
66,66,,昕辰營造有限公司,F營造業(其他專門營造業),墜落、滾落,3,環偉實業股份有限公司,,焚化爐上方屋頂增建工程,屋頂,2274,,勞動部職業安全衛生署中區職業安全衛生中心,2019,2019-10-10,否,02
67,67,53926705,,,,1,,53926705,,,,,桃園市政府勞動檢查處,2019,2019-10-10,,06
68,68,,張○○,H運輸及倉儲業(汽車貨運業),衝撞,1,蔡○○（即福泰企業行）,,,新竹縣關西鎮牛欄河48之5號旁,2270,,勞動部職業安全衛生署北區職業安全衛生中心,2019,2019-10-07,否,01
69,69,,謝OO,F營造業(其他專門營造業),墜落、滾落,1,,,固定式起重機主機維修工程,固定式起重機主機維修平台,2268,八德區長安街61號,桃園市政府勞動檢查處,2019,2019-10-07,是,06
70,70,16956141,豐本生物科技股份有限公司,C製造業(肥料及氮化合物製造業),墜落、滾落,1,-,,-,豐本生物科技股份有限公司廠房西北方肥料儲槽區之桶槽間隙,2272,,臺中市勞動檢查處,2019,2019-10-04,否,07
71,71,12918651,昇明營造工程有限公司,F營造業(建築工程業),墜落、滾落,1,林謝○○,,住宅新建工程,建築物右側外牆施工架,2273,,勞動部職業安全衛生署中區職業安全衛生中心,2019,2019-10-03,否,02
72,72,85416107,蔡OO（即榮豐鐵工廠）,C製造業(其他通用機械設備製造業),被夾、被捲,1,鳳勝實業股份有限公司朴子廠,16093742,機械設備維修工程,鳳勝公司朴子廠拌合機房,2277,嘉義縣朴子市竹村里朴子工業區一街１６號,勞動部職業安全衛生署南區職業安全衛生中心,2019,2019-10-02,是,03
73,73,,蔡OO,G批發及零售業(未分類其他非店面零售業),溺斃,1,,,,新北市貢寮區和美街44之1號下方九孔池,2267,,新北市政府勞動檢查處,2019,2019-10-02,否,05
74,74,,鴻春工業股份有限公司,C製造業(粉末冶金業),墜落、滾落,1,,,,鴻春工業股份有限公司,2271,,勞動部職業安全衛生署中區職業安全衛生中心,2019,2019-09-29,否,02
75,75,49701774,冠軍建材股份有限公司,C製造業(其他陶瓷製品製造業),感電,1,,,,冠軍建材股份有限公司製一課施釉線,2271,,勞動部職業安全衛生署中區職業安全衛生中心,2019,2019-09-27,否,02
76,76,,陳00,F營造業(建物完工裝修工程業),墜落、滾落,1,陳00,,陳00內湖區內湖路2段103巷102號7樓室內裝修工程,7樓後陽臺,2266,,臺北市勞動檢查處,2019,2019-09-27,否,04
77,77,,嘉泰營造股份有限公司,F營造業(建築工程業),感電,1,昱錩建設股份有限公司,,昱錩建設關渡案新建工程,地上1樓夾層,2267,新北市淡水區自強路419號旁,新北市政府勞動檢查處,2019,2019-09-27,是,05
78,78,28011984,弘光開發營造股份有限公司,F營造業(其他土木工程業),物體飛落,1,帛豐建材工程有限公司,22496883,帛豐建材工程有限公司廠房新建工程,工區內東北方之臨時作業區,2268,平鎮區洪圳路及快速路1段交叉口旁,桃園市政府勞動檢查處,2019,2019-09-26,是,06
79,79,,築禾營造有限公司,F營造業(建築工程業),墜落、滾落,1,禾康開發有限公司,,禾康居11戶住宅新建工程,本工程A2戶4樓樓版外部吊料平臺處,2276,嘉義市東區信興街156號旁工地,勞動部職業安全衛生署南區職業安全衛生中心,2019,2019-09-20,是,03
80,80,,新旺工程股份有限公司,F營造業(整地、基礎及結構工程業),物體倒塌、崩塌,1,崧益建設有限公司,,崧益建設有限公司新建工程,地下3樓,2267,新北市蘆洲區民義街9巷口,新北市政府勞動檢查處,2019,2019-09-20,是,05
81,81,27453461,豪豐營造股份有限公司,F營造業(),物體倒塌、崩塌,1,崧益建設有限公司,16887686,崧益建設有限公司新建工程,地下3樓,2267,新北市蘆洲區民義街9巷口,新北市政府勞動檢查處,2019,2019-09-20,是,05
82,82,,九唐工程有限公司,F營造業(庭園景觀工程業),物體倒塌、崩塌,1,,,,新北市樹林區柑園街1段253巷35號民宅後方,2267,,新北市政府勞動檢查處,2019,2019-09-19,否,05
83,83,,王OO、蕭OO,F營造業(建物完工裝修工程業),物體飛落,1,蔡OO,,蔡宅2、3樓地板、牆壁磁磚更新工程,1樓屋前,2272,,勞動部職業安全衛生署中區職業安全衛生中心,2019,2019-09-18,否,02
84,84,,崴勝電力工程有限公司,F營造業(公用事業設施工程業),墜落、滾落,1,台灣電力股份有限公司嘉南供電區營運處,,108年度雲林及嘉義分隊零星輸電架空線路設備積點工程,69kV北港～土庫線第79號鐵塔,2275,,勞動部職業安全衛生署中區職業安全衛生中心,2019,2019-09-17,否,02
85,85,16170141,閎翔營造有限公司,F營造業(建築工程業),墜落、滾落,1,元方建設股份有限公司,53176652,元方/禾建築新建工程,新竹縣新埔鎮仰德段1723地號,2270,新竹縣新埔鎮仰德段1723地號,勞動部職業安全衛生署北區職業安全衛生中心,2019,2019-09-16,是,01
86,86,,益誠商行,G批發及零售業(其他綜合商品零售業),被撞,1,無,,無,益誠商行,2272,,勞動部職業安全衛生署中區職業安全衛生中心,2019,2019-09-11,否,02
87,87,38882361,吳OO(即豐盈工程行),F營造業(整地、基礎及結構工程業),物體倒塌、崩塌,1,臺中市政府水利局,26921656,臺中市太平區中和街雨水下水道工程,「臺中市太平區中和街雨水下水道工程」作業區,2272,,臺中市勞動檢查處,2019,2019-09-11,否,07
88,88,25357863,曾OO(即大立工程行),F營造業(整地、基礎及結構工程業),墜落、滾落,1,丸文調理食品有限公司,89532368,丸文調理食品有限公司增建工程,丸文調理食品有限公司增建鋼構廠房3樓,2272,,臺中市勞動檢查處,2019,2019-09-11,否,07
89,89,,余OO(即偉承工程行),F營造業(建築工程業),物體倒塌、崩塌,1,項OO,,項OO自宅修繕工程,2樓,2275,,勞動部職業安全衛生署中區職業安全衛生中心,2019,2019-09-10,否,02
90,90,24652500,麗池保全股份有限公司,N支援服務業(保全及偵探業),跌倒,1,世界V1社區管理委員會,,,新北市中和區中山路2段332巷1號,2267,新北市中和區中山路2段332巷1號,新北市政府勞動檢查處,2019,2019-09-08,是,05
91,91,54849636,遠雄營造股份有限公司,F營造業(建築工程業),墜落、滾落,1,遠雄建設事業股份有限公司,04673318,遠雄H95住宅新建工程,新北市中和區中原街與中原三街路口,2267,中和區中原街與中原三街路口,勞動部職業安全衛生署北區職業安全衛生中心,2019,2019-09-07,是,01
92,92,84535112,崇揖企業股份有限公司,F營造業(其他專門營造業),墜落、滾落,1,華邦電子股份有限公司,22099218,華邦電子高雄12吋廠房一期新建工程,EAB棟東北角之第16層施工架墜落,2279,高雄市路竹區路科六路一與路科七路交叉口,南部科學園區管理局,2019,2019-09-07,是,13
93,93,,蔡OO(即OO畜牧場),A農、林、漁、牧業(其他畜牧業),被刺、割、擦傷,1,,,,畜牧場內飼料混合作業之工作場所,2278,,勞動部職業安全衛生署南區職業安全衛生中心,2019,2019-09-04,否,03
94,94,,張OO,F營造業(整地、基礎及結構工程業),墜落、滾落,1,周OO,,雞舍屋頂更新工程,雞舍屋頂,2272,,勞動部職業安全衛生署中區職業安全衛生中心,2019,2019-09-03,否,02
95,95,,陳00,A農、林、漁、牧業(內陸養殖業),溺斃,1,,,,臺南市安南區海南段魚塭,2278,,勞動部職業安全衛生署南區職業安全衛生中心,2019,2019-09-02,否,03
96,96,,中華工程股份有限公司,F營造業(其他土木工程業),物體飛落,1,華南商業銀行股份有限公司,,土城沛陂段廠辦新建工程,地下3樓進氣管道間,2267,新北市土城區民權街1號,新北市政府勞動檢查處,2019,2019-09-02,是,05
97,97,,黃OO,F營造業(冷凍、空調及管道工程業),墜落、滾落,1,王OO,,臺中市北區三民路OO段OO巷OO之OO號民宅排水管安裝工程,臺中市北區三民路OO段OO號後門之鐵皮遮雨棚處,2272,,勞動部職業安全衛生署中區職業安全衛生中心,2019,2019-08-31,否,02
98,98,,陳OO,F營造業(其他土木工程業),墜落、滾落,1,-,,高雄市鼓山區鼓山三路OO號之民宅修繕工程,1樓樓梯,2279,,高雄市政府勞工局勞動檢查處,2019,2019-08-31,否,09
99,99,,真理營造有限公司,F營造業(建築工程業),墜落、滾落,1,成華建設股份有限公司,,成華建設店舖集合住宅新建工程,12樓陽台開口部分,2267,新北市汐止區忠孝東路492-1號旁,勞動部職業安全衛生署北區職業安全衛生中心,2019,2019-08-30,是,01
100,100,,陳OO（即豐辰水電工程行）,F營造業(機電、電信及電路設備安裝業),墜落、滾落,1,新北市林口區公所,,,新北市林口區西林里活動中心,2267,新北市林口區竹林路80之1號,新北市政府勞動檢查處,2019,2019-08-30,是,05
101,101,,鼎元光電科技股份有限公司竹南分公司,C製造業(其他光電材料及元件製造業),與有害物等之接觸,1,,,,鼎元光電科技股份有限公司竹南分公司2樓蝕刻區,2271,,勞動部職業安全衛生署中區職業安全衛生中心,2019,2019-08-28,否,02
102,102,,王O金,C製造業(金屬建築組件製造業),感電,1,-,,-,-,2275,,勞動部職業安全衛生署中區職業安全衛生中心,2019,2019-08-28,否,02
103,103,,紀OO(即紀OO漁塭),A農、林、漁、牧業(內陸養殖業),溺斃,1,紀OO,,,漁塭通道,2280,,勞動部職業安全衛生署南區職業安全衛生中心,2019,2019-08-28,否,03
104,104,,春木林營造有限公司,F營造業(建築工程業),感電,1,寶橋建設有限公司,,寶橋建設有限公司新建工程,寶橋建設有限公司新建工程1樓梯廳,2267,新北市林口區文化三路一段249巷,勞動部職業安全衛生署北區職業安全衛生中心,2019,2019-08-27,是,01
105,105,12676252,淩光機械股份有限公司,F營造業(其他建築設備安裝業),墜落、滾落,1,誠品建築事業股份有限公司,27758941,誠品大安森林案停車設備安裝工程,工地,2266,大安區和平東路一段248巷口,臺北市勞動檢查處,2019,2019-08-27,是,04
106,106,27758941,凌光機械股份有限公司,F營造業(其他建築設備安裝業),墜落、滾落,1,誠品建築事業股份有限公司,12676252,（10５建０８０）長虹天蔚集合住宅新建工程,從一樓鷹架踏板墜於地下5樓上,2266,大安區和平東路1段248巷口,臺北市勞動檢查處,2019,2019-08-27,是,04
107,107,,毅富營造有限公司,F營造業(建築工程業),墜落、滾落,1,東驊建設開發有限公司,,桃園市桃園區中路段集合住宅新建工程,7樓外牆施工架,2268,桃園市桃園區永安路491號旁,勞動部職業安全衛生署北區職業安全衛生中心,2019,2019-08-26,是,01
108,108,,泰和廣告有限公司,M專業、科學及技術服務業(廣告業),墜落、滾落,1,薪曜國際開發股份有限公司,,,全家便利商店 2 樓頂鋼架,2268,,桃園市政府勞動檢查處,2019,2019-08-26,否,06
109,109,,亞東營造股份有限公司,F營造業(其他土木工程業),溺斃,1,臺北市政府工務局大地工程處,,108年度臺北市山坡地溪溝更新預約式工程案(北區),南港區四分溪溪溝內,2266,臺北市南港區研究院路4段附近,臺北市勞動檢查處,2019,2019-08-24,是,04
110,110,,承德油脂股份有限公司彰濱廠,C製造業(未分類其他化學製品製造業),感電,1,無,,無,承德油脂股份有限公司彰濱廠,2273,,勞動部職業安全衛生署中區職業安全衛生中心,2019,2019-08-23,否,02
111,111,,健安水電工程有限公司,F營造業(其他專門營造業),物體飛落,1,苗栗縣泰安鄉公所,,苗栗縣泰安鄉錦水、清安等村簡易自來水災害復建工程,苗栗縣泰安鄉公所後巷,2271,,勞動部職業安全衛生署中區職業安全衛生中心,2019,2019-08-23,否,02
112,112,,在興營造有限公司,F營造業(其他專門營造業),感電,1,林OO、林OO,,林OO、林OO工廠新建工程,臺南市永康區中正南路490巷,2278,永康區中正南路490巷,勞動部職業安全衛生署南區職業安全衛生中心,2019,2019-08-23,是,03
113,113,39748096,山發營造股份有限公司,F營造業(其他專門營造業),墜落、滾落,1,富立騏建設有限公司,54920308,富立騏大傳1席悅新建工程,建築物左側頂樓層外牆第14層(由下往上算)施工架工作臺,2268,桃園市中壢區永春路21號旁之工地,桃園市政府勞動檢查處,2019,2019-08-22,是,06
114,114,,泰和廣告有限公司,M專業、科學及技術服務業(廣告業),墜落、滾落,1,薪曜國際開發股份有限公司,,廣告帆布工程,建築物2樓頂鋼架,2268,桃園市楊梅區新農街 606 號,桃園市政府勞動檢查處,2019,2019-08-22,是,06
115,115,,信福航業股份有限公司,H運輸及倉儲業(海洋水運業),被夾、被捲,1,,,,輸送帶(轉軸),2284,,勞動部職業安全衛生署南區職業安全衛生中心,2019,2019-08-21,否,03
116,116,,紘珅室內裝潢有限公司,F營造業(建物完工裝修工程業),墜落、滾落,1,吳OO,,吳OO民宅翻修工程,吳OO民宅,2268,,桃園市政府勞動檢查處,2019,2019-08-21,否,06
117,117,,黃OO,F營造業(建物完工裝修工程業),墜落、滾落,1,許OO,,,新北市蘆洲區成功路72巷8號3樓,2267,,新北市政府勞動檢查處,2019,2019-08-20,否,05
118,118,,林OO,A農、林、漁、牧業(其他農作物栽培業),被撞,1,無,,無,南投縣鹿谷鄉白牙山產業道路 ,2274,,勞動部職業安全衛生署中區職業安全衛生中心,2019,2019-08-19,否,02
119,119,,潤弘精密工程事業股份有限公司楊梅二廠,C製造業(水泥及混凝土製品製造業),物體倒塌、崩塌,1,,,,潤弘楊梅二廠預鑄構件儲放場所,2268,桃園市楊梅區甡甡路625號,桃園市政府勞動檢查處,2019,2019-08-19,是,06
120,120,23658338,象鴻企業股份有限公司,C製造業(其他金屬加工處理業),物體倒塌、崩塌,1,,,,象鴻企業股份有限公司位於高雄市橋頭區仕豐路溝尾巷30號廠區內艙體鋼板組立區,2279,高雄市橋頭區仕豐路溝尾巷30號,高雄市政府勞工局勞動檢查處,2019,2019-08-19,是,09
121,121,,鑫盈興營造有限公司,F營造業(其他土木工程業),墜落、滾落,1,交通部觀光局花東縱谷國家風景區管理處,,羅山遊憩區周邊公共服務設施改善工程,羅山遊憩區內步道里程編號0K+140邊坡,2282,"278228.689,2566613.164",勞動部職業安全衛生署北區職業安全衛生中心,2019,2019-08-16,是,01
122,122,,關OO(即惟康企業社),F營造業(建物完工裝修工程業),墜落、滾落,1,臻愛實業股份有限公司,,臻愛花園飯店-烏日高鐵站(天花板工程(含噴漆)),2樓第4宴會廳,2272,臺中市烏日區高鐵路三段與高鐵五路口,勞動部職業安全衛生署中區職業安全衛生中心,2019,2019-08-14,是,02
123,123,,胡OO（即新順發號）,A農、林、漁、牧業(漁撈業),溺斃,1,,,,基隆市八斗子漁港港邊,2265,中正區環港街3號旁,勞動部職業安全衛生署北區職業安全衛生中心,2019,2019-08-13,是,01
124,124,98073786,王OO(即大江山企業社),M專業、科學及技術服務業(廣告業),墜落、滾落,2,,,,宜蘭縣礁溪鄉中山路2段216號,2283,宜蘭縣礁溪鄉中山路2段216號,勞動部職業安全衛生署北區職業安全衛生中心,2019,2019-08-13,是,01
125,125,,-,F營造業(建物完工裝修工程業),墜落、滾落,1,-,,農用倉庫屋頂翻修工程,南投縣中寮鄉,2274,,勞動部職業安全衛生署中區職業安全衛生中心,2019,2019-08-13,否,02
126,126,,李OO,H運輸及倉儲業(汽車貨運業),物體倒塌、崩塌,1,德大機械股份有限公司,,承攬德大機械股份有限公司刀庫貨品運送之承攬人李OO發生物體倒塌致死,永儲股份有限公司,2268,桃園市大園區國際路3段932號,桃園市政府勞動檢查處,2019,2019-08-13,是,06
127,127,76953816,台灣電力股份有限公司花東供電區營運處,D電力及燃氣供應業(電力供應業),物體飛落,1,,,台灣電力股份有限公司花東供電區營運處345kV大觀、明潭～鳳林線＃166鐵塔K-TRUSS補強工程,萬榮林道11.63K鳳林縣#166鐵塔,2282,,勞動部職業安全衛生署北區職業安全衛生中心,2019,2019-08-12,否,01
128,128,,-,F營造業(建物完工裝修工程業),墜落、滾落,1,詠明工業有限公司,,-,廠房屋頂,2272,,臺中市勞動檢查處,2019,2019-08-12,否,07
129,129,91607603,協興土木包工業,,公路交通事故,1,屏東縣滿州鄉公所,09074615,滿洲鄉港口村橋頭路144巷道路改善工程,"本工程之工區A，A0k+072.4
旁深度1.5米之溪溝",2280,,勞動部職業安全衛生署南區職業安全衛生中心,2019,2019-08-10,否,03
130,130,50646053,陳OO(即唯成企業社),F營造業(整地、基礎及結構工程業),墜落、滾落,1,光國股份有限公司五廠,55783029,屋頂浪板安裝工程,光國股份有限公司五廠之滑水板廠房屋頂邊緣,2272,,臺中市勞動檢查處,2019,2019-08-08,否,07
131,131,99033073,閩豐勝營造有限公司,F營造業(建築工程業),墜落、滾落,1,國立金門大學,82775311,108年度國立金門大學零星修繕工作（開口契約）,本工程男一舍南向外牆施工架處,2285,金門縣金寧鄉大學路1號,勞動部職業安全衛生署南區職業安全衛生中心,2019,2019-08-07,是,03
132,132,,吉川企業社,F營造業(建物完工裝修工程業),墜落、滾落,1,-,,屋頂維修,高雄市鳥松區本館路文明巷一弄21號住宅五樓屋頂墜落二樓陽台,,,高雄市政府勞工局勞動檢查處,2019,2019-08-07,否,09
133,133,,順富工程行,N支援服務業(人力仲介業),物體飛落,1,-,,漁船維修,高雄市前鎮漁港之安豐參捌號漁船,2279,高雄市前鎮區漁港北一路13號,高雄市政府勞工局勞動檢查處,2019,2019-08-06,是,09
134,134,27794854,福峰國際製酒股份有限公司,C製造業(其他酒精飲料製造業),爆炸,1,,,,福峰國際製酒股份有限公司,2273,,勞動部職業安全衛生署中區職業安全衛生中心,2019,2019-08-05,否,02
135,135,16291481,華揚消防工程顧問股份有限公司,F營造業(其他建築設備安裝業),墜落、滾落,1,香港商宇曦健康顧問有限公司台灣分公司,42954865,基隆路1段200號地下2樓裝修工程,基隆路1段200號地下2樓,2266,臺北市信義區基隆路1段200號,臺北市勞動檢查處,2019,2019-08-05,是,04
136,136,22563720,齊裕營造股份有限公司,F營造業(建築工程業),物體飛落,1,興富發建設股份有限公司,12305479,興富發建設桃園縣中壢市青溪段223、225、230、231等4筆地號住宅新建工程,桃園市中壢區永溪路與永園路1段交叉路口旁之工地,2268,中壢區永溪路與永園路1段交叉路口旁之工地,桃園市政府勞動檢查處,2019,2019-08-05,是,06
137,137,80674457,恆泰科技工程有限公司,F營造業(冷凍、空調及管道工程業),感電,1,堉群實業股份有限公司、堉寶實業股份有限公司,12515088、12515067,宏泰世界大樓空調操作保養全責委任管理維護工程,宏泰世界大樓空調機房,2266,臺北市松山區敦化北路168、170號,臺北市勞動檢查處,2019,2019-08-02,是,04
138,138,,健侑有限公司,C製造業(鋼鐵鑄造業),墜落、滾落,1,,,,健侑有限公司洗砂區上方屋頂,2274,,勞動部職業安全衛生署中區職業安全衛生中心,2019,2019-08-01,否,02
139,139,05255115,欣揚治具有限公司,C製造業(鋼鐵鑄造業),物體飛落,1,台北港貨櫃碼頭股份有限公司,80027874,橋式起重機電梯護網鏽蝕更換工程,台北港內10號橋式起重機升降機機坑,2267,,新北市政府勞動檢查處,2019,2019-07-28,否,05
140,140,,張○○,A農、林、漁、牧業(稻作栽培業),被撞,1,無,,無,張○○,2272,,勞動部職業安全衛生署中區職業安全衛生中心,2019,2019-07-25,否,02
141,141,,茂淂有限公司,F營造業(機電、電信及電路設備安裝業),被撞,1,台灣電力股份有限公司花蓮區營業處,,108年乙工區配電外線工程,花蓮縣瑞穗鄉瑞祥村紅山高支46號電線桿旁產業道路,2282,,勞動部職業安全衛生署北區職業安全衛生中心,2019,2019-07-24,否,01
142,142,12800631,優生生物科技股份有限公司,C製造業(醫用生物製品製造業),墜落、滾落,1,,,,優生生物科技股份有限公司,2272,,中部科學園區管理局,2019,2019-07-24,否,12
143,143,,呂○○、李○○合夥,F營造業(機電、電信及電路設備安裝業),墜落、滾落,1,台北金融大樓股份有限公司,,台北○○○購物中心6樓戶外屋突投射燈更新工程,臺北市信義區市府路45號,2266,臺北市信義區市府路45號,臺北市勞動檢查處,2019,2019-07-23,是,04
144,144,,賴OO,F營造業(其他專門營造業),墜落、滾落,1,陳OO,,屋頂修繕工程,屋頂,2267,,新北市政府勞動檢查處,2019,2019-07-23,否,05
145,145,,陳OO(即陳OO畜牧場),A農、林、漁、牧業(牛飼育業),被刺、割、擦傷,1,陳OO,,,陳OO畜牧場內牧草切碎混合作業之工作場所,2277,,勞動部職業安全衛生署南區職業安全衛生中心,2019,2019-07-20,否,03
146,146,,謝OO,F營造業(建築工程業),墜落、滾落,1,周OO（即OO手工冰淇淋）,,鐵皮屋擴建工程,花蓮縣吉安鄉北安街81巷3號,2282,,勞動部職業安全衛生署北區職業安全衛生中心,2019,2019-07-19,否,01
147,147,,台正營造有限公司,F營造業(其他土木工程業),物體倒塌、崩塌,1,臺北市政府工務局大地工程處,,大安410號公園新建工程,擋土牆露天開挖作業場所,,臺北市大安區和平東路3段512巷內,臺北市勞動檢查處,2019,2019-07-19,是,04
148,148,23895803,同豐營造工程股份有限公司,F營造業(整地、基礎及結構工程業),墜落、滾落,1,,,,,2267,,新北市政府勞動檢查處,2019,2019-07-18,否,05
149,149,,鄭○○,F營造業(其他土木工程業),墜落、滾落,1,盧○○,,○市○街○號住宅整修工程,○市○街○號,2278,,勞動部職業安全衛生署南區職業安全衛生中心,2019,2019-07-17,否,03
150,150,31693864,王OO（即昕宏工程行）,F營造業(機電、電信及電路設備安裝業),感電,1,台奧北區股份有限公司,52587994,台奧北區廠房新建工程,台奧北區股份有限公司車道北側,2267,新北市新莊區中正路54號,新北市政府勞動檢查處,2019,2019-07-17,是,05
151,151,,王○○,H運輸及倉儲業(汽車貨運業),物體飛落,1,王○○,,-,-,2272,,臺中市勞動檢查處,2019,2019-07-17,否,07
152,152,,坤倫營造工程有限公司,F營造業(其他專門營造業),墜落、滾落,1,至遠企業股份有限公司,,仁林路廠房部分拆除暨整建工程,屋頂,2279,高雄市仁武區仁林路236之1號,高雄市政府勞工局勞動檢查處,2019,2019-07-17,是,09
153,153,,興泰水電工程有限公司,F營造業(機電、電信及電路設備安裝業),墜落、滾落,1,高雄市政府工務局新建工程處,,海洋文化及流行音樂中心（高雄港11-12號碼頭及光榮碼頭區域）新建工程,頂樓邊緣,2279,高雄市苓雅區海邊路與英雄路口西側工地,高雄市政府勞工局勞動檢查處,2019,2019-07-17,是,09
154,154,25712054,郭OO（即鼎豐保溫工程行）,F營造業(冷凍、空調及管道工程業),感電,1,生達化學製藥股份有限公司(二廠),71122503,合成倉儲氣冷式主機更新工程,生達化學製藥股份有限公司(二廠)廠內,2278,臺南市新營區土庫里開元路154號,勞動部職業安全衛生署南區職業安全衛生中心,2019,2019-07-16,是,03
155,155,,廣達國際物流股份有限公司 ,H運輸及倉儲業(其他運輸輔助業),被夾、被捲,1,-,,從事貨櫃搬運作業,高雄市林園區南星路99號,2279,高雄市林園區南星路99號,高雄市政府勞工局勞動檢查處,2019,2019-07-15,是,09
156,156,22483037,景文營造工程有限公司,F營造業(建築工程業),物體飛落,1,信和股份有限公司,22468253,信和龜山廠房一期增建工程,桃園市龜山區龍校街139號,2268,龜山區龍校街139號,桃園市政府勞動檢查處,2019,2019-07-14,是,06
157,157,,黃○○(即○○畜牧場),A農、林、漁、牧業(豬飼育業),與高溫、低溫之接觸,1,,,,屏東縣九如鄉九如路二段1巷33號畜牧場內廚餘烹煮池,,,勞動部職業安全衛生署南區職業安全衛生中心,2019,2019-07-13,否,03
158,158,,昇達金屬工程有限公司,F營造業(其他專門營造業),墜落、滾落,1,陸軍第四地區支援指揮部,,岡山作業組7、8號油池暨附屬設施整修工程,高雄市岡山區介壽西路西首1號,2279,高雄市岡山區介壽西路西首1號,高雄市政府勞工局勞動檢查處,2019,2019-07-13,是,09
159,159,,萬士益冷氣股份有限公司,G批發及零售業(家用電器批發業),感電,1,韓屋村有限公司,,,臺北市大安區光復南路180巷8號1樓,2266,,臺北市勞動檢查處,2019,2019-07-12,是,04
160,160,84152727,國雄起重工程有限公司,F營造業(其他專門營造業),物體飛落,1,穎台科技股份有限公司,42821900,押出機起重工程,穎台科技股份有限公司平鎮二廠,,桃園市平鎮區工業六路2號,桃園市政府勞動檢查處,2019,2019-07-12,是,06
161,161,,吳OO,F營造業(建物完工裝修工程業),墜落、滾落,1,群美商標股份有限公司,,北側廠房屋頂浪板拆換作業,群美商標股份有限公司北側廠房屋頂,2272,,臺中市勞動檢查處,2019,2019-07-10,否,07
162,162,,賀立安有限公司,C製造業(塑膠原料製造業),物體倒塌、崩塌,1,,,,賀立安有限公司工廠鐵捲門處,,高雄市阿蓮區中路151之46號,高雄市政府勞工局勞動檢查處,2019,2019-07-10,是,09
163,163,42484409,有限責任臺北市機關勞務勞動合作社,N支援服務業(其他清潔服務業),墜落、滾落,1,國軍退除役官兵輔導委員會臺北榮譽國民之家,43511143,,養護一區B棟頂樓,2267,新北市三峽區白雞路127號,新北市政府勞動檢查處,2019,2019-07-08,是,05
164,164,,陳OO（即勇鑫工程行）,F營造業(其他專門營造業),墜落、滾落,1,輔仁大學學校財團法人輔仁大學,,宜聖宿舍新建工程,D棟地上3樓外牆施工架,2267,新北市新莊區三泰路56號對面,新北市政府勞動檢查處,2019,2019-07-06,是,05
165,165,,吳OO,F營造業(建物完工裝修工程業),墜落、滾落,1,曾OO,,曾OO鐵皮屋修繕工程,曾OO鐵皮屋,,,桃園市政府勞動檢查處,2019,2019-07-06,否,06
166,166,,燁聯鋼鐵股份有限公司,C製造業(鋼鐵軋延及擠型業),墜落、滾落,1,,,,燁聯鋼鐵股份有限公司冷軋三廠電氣室頂層,2279,高雄市岡山區興隆街600號,高雄市政府勞工局勞動檢查處,2019,2019-07-05,是,09
167,167,,頂宏環保有限公司,E用水供應及污染整治業(非有害廢棄物處理業),其他,1,,,,頂宏環保有限公司物料堆置場,2268,桃園市八德區興豐路2350巷502號旁,桃園市政府勞動檢查處,2019,2019-07-02,是,06
168,168,,范○○(即奕昌水電工程行),F營造業(建物完工裝修工程業),感電,1,陶一企業有限公司新豐廠,,新豐廠頂樓地面漏水維修工程,陶一企業有限公司新豐廠,2270,,勞動部職業安全衛生署北區職業安全衛生中心,2019,2019-07-01,否,01
169,1,,鄒OO(即宏興汽車電機行),S其他服務業(其他個人服務業),被撞,1,李OO,,挖土機維修作業,花蓮縣富里鄉復興路66號旁河床,2282,,勞動部職業安全衛生署北區職業安全衛生中心,2019,2019-06-29,否,01
170,2,18196527,昇翔企業社,F營造業(冷凍、空調及管道工程業),感電,1,,,,彰化縣和美鎮頭前里北堂路149號,2273,,勞動部職業安全衛生署中區職業安全衛生中心,2019,2019-06-29,否,02
171,3,,江OO(即甲房空間設計工程行),F營造業(建物完工裝修工程業),感電,1,劉OO,,劉OO住宅後側增建工程,2樓後側陽台,2280,,勞動部職業安全衛生署南區職業安全衛生中心,2019,2019-06-28,否,03
172,4,53602419,巨鼎精密機械企業有限公司,F營造業(整地、基礎及結構工程業),墜落、滾落,1,,,,,2270,,勞動部職業安全衛生署北區職業安全衛生中心,2019,2019-06-27,否,01
173,5,,李OO,F營造業(其他專門營造業),感電,1,孫OO,,曾OO住宅新建工程,高雄市六龜區OOO,2279,,高雄市政府勞工局勞動檢查處,2019,2019-06-27,否,09
174,6,G100237237	,吳OO,H運輸及倉儲業(汽車貨運業),物體飛落,1,立達鋼鐵股份有限公司,22185570,,得協企業股份有限公司,2283,,勞動部職業安全衛生署北區職業安全衛生中心,2019,2019-06-26,否,01
175,7,,-,F營造業(其他專門營造業),墜落、滾落,1,-,,鐵皮屋拆除工程,屋架,2272,,勞動部職業安全衛生署中區職業安全衛生中心,2019,2019-06-26,否,02
176,8,,伽明企業有限公司,C製造業(金屬建築組件製造業),墜落、滾落,1,吳姈等6人,,屋頂修繕工程,新北市板橋區大觀路2段3巷115號,2267,,新北市政府勞動檢查處,2019,2019-06-26,否,05
177,9,,盟慶營造有限公司,F營造業(其他專門營造業),墜落、滾落,1,高雄捷運股份有限公司,,R11臨時車站商業空間金屬鐵件拆除工程,高雄市捷運R11車站商業空間,2279,高雄市三民區建國二路320號,高雄市政府勞工局勞動檢查處,2019,2019-06-26,是,09
178,10,,莊OO,F營造業(冷凍、空調及管道工程業),墜落、滾落,1,林OO,,竹塘鄉竹五路OO號民宅屋頂水塔更換工程,彰化縣竹塘鄉竹五路171號民宅頂樓屋突樓板,2273,,勞動部職業安全衛生署中區職業安全衛生中心,2019,2019-06-25,否,02
179,11,H121569182,徐OO,A農、林、漁、牧業(稻作栽培業),被夾、被捲,1,黃OO,H121643683,無,業主黃OO家中,,,桃園市政府勞動檢查處,2019,2019-06-25,否,06
180,12,,臺運實業股份有限公司,H運輸及倉儲業(汽車貨運業),被撞,1,-,,空櫃堆放,高雄市旗津區旗津一路1之1號,,高雄市旗津區旗津一路1之1號,高雄市政府勞工局勞動檢查處,2019,2019-06-24,是,09
181,13,41371321,楊OO（即天翊空調行）,F營造業(冷凍、空調及管道工程業),感電,1,全國電子股份有限公司,22006252,冷氣安裝工程,陽臺,2267,,新北市政府勞動檢查處,2019,2019-06-22,否,05
182,14,31528295,興玉輝營造股份有限公司,F營造業(其他專門營造業),跌倒,1,交通部公路總局第四區養護工程處,42002901 ,台23線1k+500富里大橋改建工程,工程鋼筋加工場,2282,花蓮縣富里鄉富里大橋工地(台23線),勞動部職業安全衛生署北區職業安全衛生中心,2019,2019-06-21,是,01
183,15,,楊OO,F營造業(其他專門營造業),墜落、滾落,1,揚鋼鑄造股份有限公司,,廠房屋頂修繕工程,揚鋼鑄造股份有限公司廠房屋頂,2272,,臺中市勞動檢查處,2019,2019-06-19,否,07
184,16,,李OO(自然人),F營造業(其他專門營造業),墜落、滾落,1,,,浪板更換工程,嘉義縣義竹鄉北港子段北華小段22、23地號雞糞太空包倉庫屋頂,2277,,勞動部職業安全衛生署南區職業安全衛生中心,2019,2019-06-18,否,03
185,17,27397715,巨勳廣告工程有限公司,M專業、科學及技術服務業(廣告業),墜落、滾落,1,農禪寺,80901360,農禪寺豐年段一小段566地號臨時展場維修工程,遮雨棚屋頂,2266,臺北市北投區大業路65巷,臺北市勞動檢查處,2019,2019-06-17,是,04
186,18,,生泰企業社,F營造業(其他建築設備安裝業),墜落、滾落,1,,,,雲林縣斗南鎮中和路44號,,,勞動部職業安全衛生署中區職業安全衛生中心,2019,2019-06-15,否,02
187,19,,成旺管理顧問有限公司,N支援服務業(建築物一般清潔服務業),其他,1,,,,,2271,,勞動部職業安全衛生署中區職業安全衛生中心,2019,2019-06-13,否,02
188,20,,誠興建設有限公司,F營造業(其他土木工程業),墜落、滾落,1,誠興建設有限公司,,高雄市左營區子華路8戶住宅新建工程,A3棟2樓電梯開口,2279,高雄市左營區菜公段五小段789-37地號,高雄市政府勞工局勞動檢查處,2019,2019-06-13,是,09
189,21,,正在機械工業股份有限公司 ,C製造業(其他金屬加工用機械設備製造業),墜落、滾落,1,高興昌鋼鐵股份有限公司,,進行拆除及清理中間隔板設備作業,高雄市永安區永工一路6號,,高雄市永安區永工一路6號,高雄市政府勞工局勞動檢查處,2019,2019-06-12,是,09
190,22,,晨祥營造股份有限公司,F營造業(建築工程業),被撞,1,鼎霖國際有限公司,,鼎霖國際廠辦新建工程,於開挖面測量作業時遭挖溝機挖斗撞擊,,,勞動部職業安全衛生署中區職業安全衛生中心,2019,2019-06-09,否,02
191,23,,易宏熱鍍鋅工業股份有限公司,C製造業(金屬表面處理業),墜落、滾落,1,,,,易宏熱鍍鋅工業股份有限公司位於高雄市大寮區大有3街15號所屬固定式起重機(編號:13F4205920002)上,,高雄市大寮區大有3街15號,高雄市政府勞工局勞動檢查處,2019,2019-06-09,是,09
192,24,24877439,彰員營造股份有限公司,F營造業(其他土木工程業),感電,1,臺灣彰化農田水利會,60007800,建興重劃區下山腳小排2-2維護工程,堤防旁產業道路,2273,彰化縣大城鄉,勞動部職業安全衛生署中區職業安全衛生中心,2019,2019-06-07,是,02
193,25,86432169,鑫祥電機有限公司,C製造業(發電、輸電及配電機械製造業),感電,1,嵩益股份有限公司,22876080,高壓電電線桿二次側接線工程,嵩益股份有限公司廠房,2270,,勞動部職業安全衛生署北區職業安全衛生中心,2019,2019-06-06,否,01
194,26,54111405,林OO(即偉豐企業社),F營造業(建物完工裝修工程業),感電,1,禾林建設有限公司,14388622,禾林RICH ONE II接待中心暨樣品屋裝修工程,禾林建設大廈銷售中心,2268,桃園市中壢區高鐵站前西路2段57號1樓,桃園市政府勞動檢查處,2019,2019-06-06,是,06
195,27,,鴻翔豐企業有限公司,F營造業(冷凍、空調及管道工程業),感電,1,億光電子工業股份有限公司,,億光電子工業股份有限公司土城廠整改工程,新北市土城區中央路3段76巷25號,2267,,新北市政府勞動檢查處,2019,2019-06-05,否,05
196,28,04860092,台灣電力股份有限公司台北南區營業處,D電力及燃氣供應業(電力供應業),感電,1,,,,新北市板橋區懷仁街77巷18號前,2267,新北市板橋區懷仁街77巷18號前,新北市政府勞動檢查處,2019,2019-06-05,是,05
197,29,,許OO〈即震順發2號漁船〉,A農、林、漁、牧業(漁撈業),溺斃,1,,,,屏東縣東港鎮東港漁港漁船停泊區,,,勞動部職業安全衛生署南區職業安全衛生中心,2019,2019-06-03,否,03
198,30,,中國石油化學工業開發股份有限公司頭份廠,C製造業(化學原材料製造業),物體倒塌、崩塌,1,,,,中國石油化學工業開發股份公司頭份廠煤倉,2271,,勞動部職業安全衛生署中區職業安全衛生中心,2019,2019-06-01,否,02
199,31,34270072,世久營造探勘工程股份有限公司,F營造業(整地、基礎及結構工程業),被撞,1,臺灣港務股份有限公司臺中港務分公司,56505024,臺中港5A碼頭改建及5B碼頭新建工程暨淺水船渠整建工程,施工便道,2272,臺中市清水區臺中港5A及5B碼頭,勞動部職業安全衛生署中區職業安全衛生中心,2019,2019-06-01,是,02
200,32,,李OO（即宏聖工程行）,F營造業(冷凍、空調及管道工程業),被撞,1,新北市政府水利局,,新北市三峽區、鶯歌區污水下水道系統第一期工程污水管線第五、七、九、十一標(主次幹管、分支管及用戶接管),AC01下水道工作井,2267,新北市鶯歌區建國路255號前,新北市政府勞動檢查處,2019,2019-06-01,是,05
201,33,,林○○,A農、林、漁、牧業(內陸養殖業),溺斃,1,,,,四分45L4號電桿旁之魚塭,,,勞動部職業安全衛生署南區職業安全衛生中心,2019,2019-05-31,否,03
202,34,,廣弘營造有限公司,F營造業(其他土木工程業),物體倒塌、崩塌,1,,,,倉庫處,,,勞動部職業安全衛生署南區職業安全衛生中心,2019,2019-05-31,否,03
203,35,,杜OO,F營造業(建物完工裝修工程業),墜落、滾落,1,鄭OO(即喜優汽車旅館),,竹北Magic 汽車旅館全案外觀意象及整體內裝設計及全案工程總體承包,竹北Magic 汽車旅館,2270,,勞動部職業安全衛生署北區職業安全衛生中心,2019,2019-05-30,否,01
204,36,,侑升工程有限公司,C製造業(預拌混凝土製造業),墜落、滾落,1,,,混凝土運送工作,美耐石公司廢料堆置坑,2275,,勞動部職業安全衛生署中區職業安全衛生中心,2019,2019-05-30,否,02
205,37,,明石營造有限公司,F營造業(道路工程業),物體飛落,1,臺南市善化區公所,,臺南市善化區嘉北里排水改善工程,物料堆置場,,,勞動部職業安全衛生署南區職業安全衛生中心,2019,2019-05-30,否,03
206,38,,自然人戴OO,G批發及零售業(水產品批發業),溺斃,1,-,,從事捕撈虱目魚作業,高雄市彌陀區彌海段0525-00272地號,2279,高雄市彌陀區彌海段0525-00272地號,高雄市政府勞工局勞動檢查處,2019,2019-05-25,是,09
207,39,,澤和營造有限公司,F營造業(建築工程業),墜落、滾落,1,林0,,住宅新建工程,連江縣南竿鄉仁愛村2-1號旁工地,,連江縣南竿鄉仁愛村2-1號旁,勞動部職業安全衛生署北區職業安全衛生中心,2019,2019-05-24,是,01
208,40,27804662,奧璐佳瑙科技股份有限公司、中信玻璃纖維工業股份有限公司,C製造業(冶金機械製造業),與有害物等之接觸,2,台灣積體電路製造股份有限公司,22099131,台積電南科18廠新建工程,南科臺南園區北園二路與三抱竹路交叉口,2278,臺南市安定區北園二路8號,南部科學園區管理局,2019,2019-05-23,是,13
209,41,,許○○,F營造業(整地、基礎及結構工程業),墜落、滾落,1,陳○○,,台南市安南區青砂街一段572巷151號之2旁民宅新建工程(鋼構主體),台南市安南區青砂街一段572巷151號之2旁民宅2樓,,台南市安南區青砂街一段572巷151號之2旁,勞動部職業安全衛生署南區職業安全衛生中心,2019,2019-05-22,是,03
210,42,,亞太國際物流股份有限公司 ,H運輸及倉儲業(普通倉儲業),物體倒塌、崩塌,1,,,-,高雄市小港區東亞路2號,2279,高雄市小港區東亞路2號,高雄市政府勞工局勞動檢查處,2019,2019-05-22,是,09
211,43,-,張OO,F營造業(),墜落、滾落,1,王OO,-,民宅油漆工程,地上1樓,2267,,新北市政府勞動檢查處,2019,2019-05-20,否,05
212,44,,吳OO,C製造業(肉類其他加工及保藏業),物體倒塌、崩塌,1,新合發冷凍食品股份有限公司利澤廠,53031827,,新合發冷凍食品股份有限公司利澤廠2樓發電室,2283,,勞動部職業安全衛生署北區職業安全衛生中心,2019,2019-05-18,否,01
213,45,,宏華營造股份有限公司,F營造業(其他土木工程業),被撞,1,,,臺中港36號碼頭新建工程,第36號碼頭,2272,臺中市梧棲區臺中港,勞動部職業安全衛生署中區職業安全衛生中心,2019,2019-05-18,是,02
214,46,,三賀工程行,F營造業(庭園景觀工程業),與高溫、低溫之接觸,1,承泰市地重劃股份有限公司,,臺南市南區萬年五街120號後方園藝工作,台南市南區萬年五街120號後方植栽種植區,2278,,勞動部職業安全衛生署南區職業安全衛生中心,2019,2019-05-17,否,03
215,47,03028404,工信工程股份有限公司,F營造業(公用事業設施工程業),墜落、滾落,1,台灣電力股份有限公司核能火力發電工程處,03795404,林口電廠更新擴建計畫筒式煤倉系統統包工程,工地內A3筒倉,2267,新北市林口區下福里139之1號,勞動部職業安全衛生署北區職業安全衛生中心,2019,2019-05-16,是,01
216,48,73635304,瑞華實業股份有限公司,C製造業(皮革及毛皮整製業),跌倒,1,,,,包裝區外通道,2278,臺南市山上區明和里北勢洲88號,勞動部職業安全衛生署南區職業安全衛生中心,2019,2019-05-15,是,03
217,49,,陳○勇(即榮發工業社),G批發及零售業(其他建材批發業),墜落、滾落,1,,,,屋頂,2268,桃園市新屋區中山東路2段362號,桃園市政府勞動檢查處,2019,2019-05-14,是,06
218,50,,大陸工程股份有限公司,F營造業(建物完工裝修工程業),物體倒塌、崩塌,1,尚志資產開發股份有限公司,,尚志資產開發公司土城員和段住宅新建一期工程,地上10樓,2267,新北市土城區中央路1段325號,新北市政府勞動檢查處,2019,2019-05-13,是,05
219,51,22318500,迅達電梯股份有限公司,F營造業(機電、電信及電路設備安裝業),墜落、滾落,1,聯聚建設股份有限公司,84998627,聯聚中雍大廈高層辦公大樓新建工程,3號電梯,2272,西屯區市政北七路98號,勞動部職業安全衛生署中區職業安全衛生中心,2019,2019-05-10,是,02
220,52,75970680,勝一化工股份有限公司,C製造業(化學原材料製造業),與有害物等之接觸,1,,,,勝一化工股份有限公司前鎮廠,2279,高雄市前鎮區立業街2號,高雄市政府勞工局勞動檢查處,2019,2019-05-10,是,09
221,53,,張OO,F營造業(建物完工裝修工程業),物體倒塌、崩塌,1,陳OO,,陳OO住宅修繕工程,陳OO住宅,,,桃園市政府勞動檢查處,2019,2019-05-08,否,06
222,54,11917107,台灣聚合化學品股份有限公司,C製造業(塑膠原料製造業),被撞,1,,,,台灣聚合化學品股份有限公司高雄廠,2279,仁武區鳳仁路330號,高雄市政府勞工局勞動檢查處,2019,2019-05-07,是,09
223,55,,三芳化學工業股份有限公司,C製造業(其他皮革及毛皮製品製造業),被夾、被捲,1,,,,三芳化學工業股份有限公司第七工廠含浸處理機3號機之壓光輪,,高雄市仁武區鳳仁路402號,高雄市政府勞工局勞動檢查處,2019,2019-05-06,是,09
224,56,16082267,力成科技股份有限公司3C廠,C製造業(未分類其他電子零組件製造業),墜落、滾落,1,,,空調濾網清潔作業,力成科技股份有限公司3C廠,2270,,勞動部職業安全衛生署北區職業安全衛生中心,2019,2019-05-05,否,01
225,57,,台灣佳能股份有限公司,E用水供應及污染整治業(非有害廢棄物清除業),感電,1,,,污泥槽清洗作業,地下1樓西側廢液集中處理室之濃廢液中繼槽,2272,,經濟部加工出口區管理處,2019,2019-05-05,否,10
226,58,15688421,鋐德工程行,F營造業(建物完工裝修工程業),墜落、滾落,1,簡○○,,鋼架烤漆板工程,外牆第4層施工架工作臺上,,,勞動部職業安全衛生署中區職業安全衛生中心,2019,2019-05-04,否,02
227,59,18017926,匯發營造有限公司,F營造業(其他專門營造業),墜落、滾落,1,達紡企業股份有限公司,23451097,達紡企業股份有限公司觀音廠辦新建工程,工區南側鋼構組配作業場所,2268,桃園市觀音區信義路156巷48號旁,桃園市政府勞動檢查處,2019,2019-05-03,是,06
228,60,,燦坤實業股份有限公司,G批發及零售業(家用電器零售業),墜落、滾落,1,-,,樹枝修剪,高雄市旗山區樹人路63-8號,2279,,高雄市政府勞工局勞動檢查處,2019,2019-05-03,否,09
229,61,,中福營造股份有限公司,F營造業(建築工程業),墜落、滾落,1,月眉國際開發股份有限公司,,麗寶樂園運動園區購物街三期新建工程,B棟S32樓梯處,,臺中市后里區月眉北路與福容路口,勞動部職業安全衛生署中區職業安全衛生中心,2019,2019-04-30,是,02
230,62,,久慶營造有限公司,F營造業(公用事業設施工程業),物體倒塌、崩塌,1,台灣電力股份有限公司輸變電工程處中區施工處,,通霄~義和345KV線#42~#49鐵塔及#40~#49延緊線工程,通霄~義和345kV線#49鐵塔,2271,,勞動部職業安全衛生署中區職業安全衛生中心,2019,2019-04-30,否,02
231,63,,李○○,F營造業(其他專門營造業),墜落、滾落,1,程○○,,室內裝潢拆除工程,2樓雨遮屋頂,2272,,勞動部職業安全衛生署中區職業安全衛生中心,2019,2019-04-30,否,02
232,64,27559605,榮盈工業股份有限公司二廠,C製造業(自行車零件製造業),墜落、滾落,1,,,,D棟一樓遮雨棚,,,勞動部職業安全衛生署南區職業安全衛生中心,2019,2019-04-30,否,03
233,65,27559605,榮盈工業股份有限公司二廠,C製造業(自行車零件製造業),墜落、滾落,1,,,,,2278,臺南市佳里區海澄里萊芊寮1之12、1之16號,勞動部職業安全衛生署南區職業安全衛生中心,2019,2019-04-30,是,03
234,66,,三僕行貨櫃運輸股份有限公司 ,H運輸及倉儲業(其他陸上運輸輔助業),墜落、滾落,1,-,,行鋸木條作業,高雄市左營區博愛四路380號,2279,高雄市左營區博愛四路380號,高雄市政府勞工局勞動檢查處,2019,2019-04-30,是,09
235,67,,立路企業股份有限公司,C製造業(其他通用機械設備製造業),被夾、被捲,1,陳OO,,,陳OO住宅,,,勞動部職業安全衛生署中區職業安全衛生中心,2019,2019-04-29,否,02
236,68,,廖OO(即元厚工程行),A農、林、漁、牧業(林業),物體倒塌、崩塌,1,,,107年度大湖事業區第59林班造林地疏伐撫育工作,貯木場地,,,勞動部職業安全衛生署中區職業安全衛生中心,2019,2019-04-29,否,02
237,69,69733021,豐悅景觀有限公司,F營造業(庭園景觀工程業),墜落、滾落,1,全富發建設開發股份有限公司,24618222,全富發建設開發股份有限公司店鋪、集合住宅裝修工程,全富發建設開發股份有限公司店鋪、集合住宅裝修工程,,桃園市桃園區新埔八街82號,桃園市政府勞動檢查處,2019,2019-04-29,是,06
238,70,86346875,中華工程股份有限公司,F營造業(其他土木工程業),墜落、滾落,1,交通部公路總局西部濱海公路北區臨時工程處,02250735,西濱快速公路WH10-C標64K+005~69K+600新建主線工程,新竹縣新豐鄉WH10-C標PLSE7加肋拱橋處,2269,,勞動部職業安全衛生署北區職業安全衛生中心,2019,2019-04-27,否,01
239,71,,陳○○(即虎尾魷魚焿麵),I住宿及餐飲業(餐館),與高溫、低溫之接觸,1,無,,無,雲林縣虎尾鎮和平路133號,,雲林縣虎尾鎮和平路133號,勞動部職業安全衛生署中區職業安全衛生中心,2019,2019-04-26,是,02
240,72,20899100,廣記營造股份有限公司,F營造業(公用事業設施工程業),爆炸,0,新北市政府水利局,10046624,新北市樹林地區污水下水道系統第一期工程第二、三、六標,人孔蓋,2267,板橋區篤行路3段與溪城路,新北市政府勞動檢查處,2019,2019-04-26,是,05
241,73,,中華郵政股份有限公司新竹郵局,H運輸及倉儲業(郵政業),公路交通事故,1,,,,新竹市東華路與育德街交岔路口,,,勞動部職業安全衛生署北區職業安全衛生中心,2019,2019-04-25,否,01
242,74,,成中恆營造股份有限公司,F營造業(建築工程業),溺斃,1,大里市中興國宅都市更新會,,大里中興國宅都市更新案新建工程,地下2樓,,台中市大里區中山路與中山路一巷交叉口,勞動部職業安全衛生署中區職業安全衛生中心,2019,2019-04-25,是,02
243,75,,日強運動器材企業有限公司,C製造業(體育用品製造業),墜落、滾落,1,社團法人中國青年救國團,,籃球架維修,蘆洲運動中心,2267,新北市蘆洲區長樂路235之1,新北市政府勞動檢查處,2019,2019-04-25,是,05
244,76,,林OO(即林OO畜牧場),A農、林、漁、牧業(豬飼育業),墜落、滾落,1,,,,林OO畜牧場母豬南舍,2275,,勞動部職業安全衛生署中區職業安全衛生中心,2019,2019-04-24,否,02
245,77,97224836,鼎信營造有限公司,F營造業(建築工程業),被撞,1,中洲建設有限公司,89265664,中洲建設香揚段集合住宅新建工程(79戶),工程編號左下30之預壘樁,,屏東縣屏東市瑞華街,勞動部職業安全衛生署南區職業安全衛生中心,2019,2019-04-24,是,03
246,78,03807789,雄駿營造有限公司,F營造業(道路工程業),墜落、滾落,1,交通部公路總局第一區養護工程處,54711837,中和段108年台15、台61、台61甲線、台64線、台65線預約經常性公路零星修復及轄區備援災害搶修工程,新北市三重區「台64線西行三重中山橋匝道（主線樁號西行14K+300）」,2267,新北市三重區中山橋匝道,新北市政府勞動檢查處,2019,2019-04-24,是,05
247,79,,林OO,F營造業(其他專門營造業),墜落、滾落,1,-,,屋頂防漏工程保固期修繕,3樓陽台鐵窗外側,,,勞動部職業安全衛生署中區職業安全衛生中心,2019,2019-04-22,否,02
248,80,97418116,惠民實業股份有限公司,F營造業(公用事業設施工程業),墜落、滾落,1,臺南市政府水利局,36724654,安平水資源回收中心污泥乾燥系統新建工程,一樓屋頂,,台南市安平區健康路三段15號,勞動部職業安全衛生署南區職業安全衛生中心,2019,2019-04-20,是,03
249,81,89490178,順勝運輸有限公司,H運輸及倉儲業(汽車貨運業),被夾、被捲,1,,70762591,,統一速達股份有限公司南大安營業所,2267,新北市新店區寶中路95號之11,新北市政府勞動檢查處,2019,2019-04-20,是,05
250,82,,富蘭工業股份有限公司,C製造業(未分類其他紙製品製造業),感電,1,,,,,2271,,勞動部職業安全衛生署中區職業安全衛生中心,2019,2019-04-18,否,02
251,83,,運勤機械工業股份有限公司,C製造業(其他通用機械設備製造業),墜落、滾落,1,,,,,2275,,勞動部職業安全衛生署中區職業安全衛生中心,2019,2019-04-18,否,02
252,84,49732072,富蘭工業股份有限公司,C製造業(未分類其他紙製品製造業),感電,1,,,,富蘭工業股份有限公司廢水處理區,,,勞動部職業安全衛生署中區職業安全衛生中心,2019,2019-04-18,否,02
253,85,K120832455,林OO,F營造業(其他專門營造業),墜落、滾落,1,楚O,,自宅修繕工程,樓梯,,,勞動部職業安全衛生署北區職業安全衛生中心,2019,2019-04-17,否,01
254,86,91884901,徐○○(即進利企業行),F營造業(),墜落、滾落,1,集森實業股份有限公司,22269439,集森實業股份有限公司廠房左側屋頂及牆面換修工程,左側屋頂處,,,勞動部職業安全衛生署南區職業安全衛生中心,2019,2019-04-17,否,03
255,87,84370863,政鈺機械股份有限公司,C製造業(其他通用機械設備製造業),墜落、滾落,1,鼎峰自動化股份有限公司永興廠,80395342,2500mm真空成型盤整修,鼎峰自動化股份有限公司永興廠生管區,2272,,臺中市勞動檢查處,2019,2019-04-16,否,07
256,88,,唯勤工程有限公司,F營造業(冷凍、空調及管道工程業),被夾、被捲,1,新北市政府環境保護局,,樹林焚化廠歲修工程,新北市政府環境保護局樹林垃圾焚化廠,2267,新北市樹林區中山路三段212號,勞動部職業安全衛生署北區職業安全衛生中心,2019,2019-04-12,是,01
257,89,,謝OO,F營造業(其他專門營造業),墜落、滾落,1,楊OO,,中市太平區中興路113巷29弄4號房屋修繕工程,2樓屋頂,2272,,勞動部職業安全衛生署中區職業安全衛生中心,2019,2019-04-10,否,02
258,90,,張○○,F營造業(其他專門營造業),墜落、滾落,1,鴻運大樓管理委員會,,鴻運大樓頂樓泥作大水塔滲漏修繕工程,屋頂,2266,臺北市松山區八德路4段123號,臺北市勞動檢查處,2019,2019-04-09,是,04
259,91,,斯密特焜陽港勤服務股份有限公司,H運輸及倉儲業(其他水上運輸輔助業),溺斃,1,,,,八里區臺北港東8碼頭,2267,,新北市政府勞動檢查處,2019,2019-04-09,否,05
260,92,,木利營造有限公司,F營造業(其他專門營造業),物體飛落,1,力成科技股份有限公司,,力成科技股份有限公司竹科三廠新建工程,力成科技股份有限公司竹科三廠新建工程工地之東南側施工構台邊地下2樓,2269,,新竹科學園區管理局,2019,2019-04-09,否,11
261,93,,中福營造股份有限公司,F營造業(建築工程業),墜落、滾落,1,月眉國際開發股份有限公司,,麗寶樂園運動園區購物街三期新建工程,B棟S32樓梯處,2272,臺中市后里區月眉北路與福容路口,勞動部職業安全衛生署中區職業安全衛生中心,2019,2019-04-07,是,02
262,94,16547054,喬乙工程有限公司,F營造業(其他專門營造業),墜落、滾落,1,-,,楠梓餐廳鋼構新建工程,鋼構側牆C型鋼處,,高雄市楠梓區藍昌段三小段166地號,高雄市政府勞工局勞動檢查處,2019,2019-04-06,是,09
263,95,28663079,御瑋營造有限公司,F營造業(其他土木工程業),物體倒塌、崩塌,1,行政院農業委員會水土保持局臺南分局,73505436,牛角坑野溪整治工程,左岸擋土牆樁號0K+41.08處,2278,,勞動部職業安全衛生署南區職業安全衛生中心,2019,2019-04-04,否,03
264,96,,李OO,C製造業(金屬模具製造業),跌倒,1,,,,,,,新北市政府勞動檢查處,2019,2019-04-04,否,05
265,97,65550908,詠灃工程有限公司,C製造業(產業用機械設備維修及安裝業),墜落、滾落,1,新北市政府水利局,10046624,,抽水站,2267,,新北市政府勞動檢查處,2019,2019-04-03,否,05
266,98,,鈞捷工程有限公司,F營造業(機電、電信及電路設備安裝業),墜落、滾落,1,桃園市余姓宗親會,,桃園市余姓宗親會所有座落平鎮區賦梅段36地號之新建工程,桃園市余姓宗親會工地內,2268,桃園市平鎮區復旦路3段85號,桃園市政府勞動檢查處,2019,2019-04-03,是,06
267,99,,徐OO(即佳沁工程行),F營造業(其他專門營造業),墜落、滾落,1,,,廠房屋頂浪板加蓋工程,統一熱能工程有限公司廠房屋頂處,,高雄市大寮區光華路5之2號,高雄市政府勞工局勞動檢查處,2019,2019-04-03,是,09
268,100,U100364249,國城營造有限公司,F營造業(其他專門營造業),墜落、滾落,1,和發建設股份有限公司,84705185,和發建設桃園市楊梅區梅獅段335地號等10筆結構體工程,工區E棟南側1樓外牆施工架第2層踏板,2268,桃園市楊梅區梅獅路2段249巷旁,桃園市政府勞動檢查處,2019,2019-04-02,是,06
269,101,,大倡國際商務股份有限公司,C製造業(未分類其他非金屬礦物製品製造業),被夾、被捲,1,,,,乾燥組拆板機,,,勞動部職業安全衛生署中區職業安全衛生中心,2019,2019-04-01,否,02
270,102,,暉倫股份有限公司,H運輸及倉儲業(其他水上運輸輔助業),溺斃,1,,,基隆港船舶帶解纜業務,基隆港東11號碼頭,,基隆港東11號碼頭,勞動部職業安全衛生署北區職業安全衛生中心,2019,2019-03-31,是,01
271,103,,長春石油化學股份有限公司苗栗二廠,C製造業(未分類其他化學製品製造業),公路交通事故,1,,,,,2271,,勞動部職業安全衛生署中區職業安全衛生中心,2019,2019-03-29,否,02
272,104,54675656,凱勗工程有限公司,F營造業(機電、電信及電路設備安裝業),被撞,1,臺北市政府工務局公園路燈工程管理處,03157693,108年度西南區路燈新設預約工程,臺北市文山區興隆路3段255巷44號前斜坡道路,2266,,臺北市勞動檢查處,2019,2019-03-26,否,04
273,105,29055215,立名機械有限公司,C製造業(其他通用機械設備製造業),物體飛落,1,,,,立名機械有限公司,2283,,勞動部職業安全衛生署北區職業安全衛生中心,2019,2019-03-22,否,01
274,106,,中華工程股份有限公司,F營造業(其他土木工程業),被撞,1,-,,彰化濱海工業區開發工程-線西工業用水專管主幹管工程(第一期),彰化縣線西鄉線工南四路之開挖場所,,彰化縣線西鄉線工南四路,勞動部職業安全衛生署中區職業安全衛生中心,2019,2019-03-22,是,02
275,107,,天富防水塗料行,F營造業(其他專門營造業),墜落、滾落,1,五山食品業有限公司,,,,2273,,勞動部職業安全衛生署中區職業安全衛生中心,2019,2019-03-22,否,02
276,108,,林○○,F營造業(建物完工裝修工程業),墜落、滾落,1,李OO,,臺南市仁德區義林路倉庫屋頂維修工程,鐵皮倉庫 屋頂,,,勞動部職業安全衛生署南區職業安全衛生中心,2019,2019-03-21,否,03
277,109,72144076,謝○○(即三和水泥製品工廠),F營造業(建物完工裝修工程業),墜落、滾落,1,張OO,,七股區民宅屋頂換修及舊瓦油漆工程,屋頂處前方之雨遮,,,勞動部職業安全衛生署南區職業安全衛生中心,2019,2019-03-21,否,03
278,110,,林○○,F營造業(建物完工裝修工程業),墜落、滾落,1,林○○,,倉庫屋頂維修工程,臺南市仁德區義林路306-5號,2278,臺南市仁德區義林路306-5號,勞動部職業安全衛生署南區職業安全衛生中心,2019,2019-03-21,是,03
279,111,,自然人鄭OO,F營造業(建物完工裝修工程業),墜落、滾落,1,新東洋海釣場,,更換鐵皮板,高雄市小港區桂陽路175巷6弄1之13號,,高雄市小港區桂陽路175巷6弄1之13號,高雄市政府勞工局勞動檢查處,2019,2019-03-21,是,09
280,112,,普森環保科技股份有限公司,C製造業(化學原材料製造業),與有害物等之接觸,1,,,,濾液作業區,2268,,桃園市政府勞動檢查處,2019,2019-03-20,否,06
281,113,40601248,幸福水泥股份有限公司東澳廠,C製造業(水泥製造業),墜落、滾落,1,,,,幸福水泥股份有限公司東澳廠,2283,,勞動部職業安全衛生署北區職業安全衛生中心,2019,2019-03-17,否,01
282,114,,泉嘉消防工程有限公司,F營造業(機電、電信及電路設備安裝業),墜落、滾落,1,麗麒開發建設股份有限公司,,麗麒柏翠新建工程（104板建字第525號）,機械停車升降機車台板,2267,板橋區廣權路43號旁,新北市政府勞動檢查處,2019,2019-03-15,是,05
283,115,64840780,和昕開發有限公司,L不動產業(不動產開發業),墜落、滾落,1,,,,A5戶之5樓陽台造型牆處,,,勞動部職業安全衛生署南區職業安全衛生中心,2019,2019-03-14,否,03
284,116,,陳○○,F營造業(其他專門營造業),墜落、滾落,1,陳○○,,陳○○台灣茶飲料店裝潢等拆除工程,3樓窗台,2271,,勞動部職業安全衛生署中區職業安全衛生中心,2019,2019-03-11,否,02
285,117,,戴○○(即漁滿昌86號),A農、林、漁、牧業(漁撈業),溺斃,1,,,,新竹縣外海,2270,,勞動部職業安全衛生署北區職業安全衛生中心,2019,2019-03-10,否,01
286,118,75094900,中華工程股份有限公司,F營造業(公用事業設施工程業),墜落、滾落,1,臺北市政府捷運工程局第一區工程處,00956671,臺北都會區大眾捷運系統環狀線CF650區段標之CF651A子施工標工程,Y9景平站,2267,新北市中和區景平路123巷口,勞動部職業安全衛生署北區職業安全衛生中心,2019,2019-03-09,是,01
287,119,,卓OO,H運輸及倉儲業(汽車貨運業),跌倒,1,慶豐飼料貿易有限公司,,物料運送工作,廣成產業股份有限公司所屬倉庫,2273,,勞動部職業安全衛生署中區職業安全衛生中心,2019,2019-03-07,否,02
288,120,無,遠見營造有限公司,F營造業(整地、基礎及結構工程業),墜落、滾落,1,全泉開發實業有限公司,無,藍田18地號新建工程,地下室1樓版吊料口,2279,,高雄市政府勞工局勞動檢查處,2019,2019-03-06,否,09
289,121,,林OO,F營造業(冷凍、空調及管道工程業),墜落、滾落,1,曾OO,,冷氣機拆除安裝,屋主住宅，位於新竹縣竹北市尚義街,,,勞動部職業安全衛生署北區職業安全衛生中心,2019,2019-03-02,否,01
290,122,CT 4-002166,順東發116號漁船,A農、林、漁、牧業(漁撈業),溺斃,1,-,-,-,新北市萬里區港西78之12號對面碼頭(野柳漁港)之順東發116號漁船,2266,新北市萬里區港西78之12號對面,新北市政府勞動檢查處,2019,2019-03-02,是,05
291,123,,長廷營造有限公司,F營造業(其他專門營造業),溺斃,1,-,,107年度臺中港老舊碼頭(#13、#26)維修整建工程,第26號碼頭,2272,臺中市梧棲區臺中港,勞動部職業安全衛生署中區職業安全衛生中心,2019,2019-02-28,是,02
292,124,,營順塑膠有限公司,C製造業(其他塑膠製品製造業),墜落、滾落,1,,,,,,,勞動部職業安全衛生署中區職業安全衛生中心,2019,2019-02-28,否,02
293,125,,長廷營造有限公司,F營造業(其他專門營造業),溺斃,1,臺灣港務股份有限公司臺中港務分公司,,107年度臺中港老舊碼頭(#13、#26)維修整建工程,臺中市梧棲區臺中港第26號碼頭,2272,台中市梧棲區中南一路二段,勞動部職業安全衛生署中區職業安全衛生中心,2019,2019-02-28,是,02
294,126,,張OO,F營造業(建物完工裝修工程業),墜落、滾落,1,張OO,,社南街廠辦室內裝修工程,1樓走道,2272,,勞動部職業安全衛生署中區職業安全衛生中心,2019,2019-02-28,否,02
295,127,30974253,台灣石化合成股份有限公司林園廠,C製造業(化學原材料製造業),火災,2,無,,無,甲基第三丁基醚工場,2279,高雄市林園區工業二路1號,高雄市政府勞工局勞動檢查處,2019,2019-02-28,是,09
296,128,,莊○○,F營造業(建築工程業),墜落、滾落,1,蔡OO,,嘉義縣新港鄉潭大村住宅屋頂換修工程,鐵皮倉庫 屋頂,,,勞動部職業安全衛生署南區職業安全衛生中心,2019,2019-02-27,否,03
297,129,,嘉宏工程行,F營造業(其他專門營造業),墜落、滾落,1,-,,-,最上層外牆施工架,,,高雄市政府勞工局勞動檢查處,2019,2019-02-24,否,09
298,130,,正吉工程行,F營造業(其他專門營造業),墜落、滾落,1,王OO,,王OO農舍增建工程,3樓陽臺施工架工作臺,,,勞動部職業安全衛生署中區職業安全衛生中心,2019,2019-02-23,否,02
299,131,,江○○,F營造業(其他專門營造業),墜落、滾落,1,劉○○,,鐵皮屋新建工程,屋頂,2272,,勞動部職業安全衛生署中區職業安全衛生中心,2019,2019-02-23,否,02
300,132,,旭大建設有限公司,F營造業(建物完工裝修工程業),墜落、滾落,1,旭大建設有限公司,,仁武二期金鼎段透天案新建外牆塗料工程,南棟1樓地面,2279,高雄市仁武區大智三街37號/金鼎段69地號,高雄市政府勞工局勞動檢查處,2019,2019-02-22,是,09
301,133,,李○○,A農、林、漁、牧業(稻作栽培業),被撞,1,無,,無,苗栗縣苑裡鎮山柑里山柑115-15號後方農田,,,勞動部職業安全衛生署中區職業安全衛生中心,2019,2019-02-21,否,02
302,134,,邱ＯＯ,F營造業(其他專門營造業),墜落、滾落,1,徐ＯＯ,,徐ＯＯ自宅整修工程,建築物2樓頂C型鋼鎖固作業場所,2270,新竹縣新豐鄉新興路26-4號,勞動部職業安全衛生署北區職業安全衛生中心,2019,2019-02-19,是,01
303,135,10893649,瑞助營造股份有限公司,F營造業(其他專門營造業),物體飛落,1,高雄市政府工務局新建工程處,,高齡整合長期照護中心新建工程（建築部分）,模板吊料作業區,2279,高雄市苓雅區凱旋二路130號高雄市立民生醫院旁工地,高雄市政府勞工局勞動檢查處,2019,2019-02-13,是,09
304,136,23573351,穩泰水電工程有限公司,F營造業(機電、電信及電路設備安裝業),墜落、滾落,1,臺中市太平區公所,57301104,108年度臺中市太平區路燈零星增設及養護工程(開口契約),德利路與潭底農路口處之路燈(編號：17361)下方,,,臺中市勞動檢查處,2019,2019-02-12,否,07
305,137,,王○○,R藝術、娛樂及休閒服務業(其他娛樂及休閒服務業),墜落、滾落,1,,,,花蓮縣萬榮鄉明利山萬榮林道(鳳林-玉里一路10號電塔下方約300公尺處),2282,,勞動部職業安全衛生署北區職業安全衛生中心,2019,2019-02-10,否,01
306,138,,陳OO,F營造業(冷凍、空調及管道工程業),火災,4,嘉里大榮物流股份有限公司,,嘉里大榮物流股份有限公司觀音物流中心新建冷凍工程,嘉里大榮物流股份有限公司觀音物流中心,2268,桃園市觀音區桃科二路288號,桃園市政府勞動檢查處,2019,2019-02-06,是,06
307,139,28621901,俊鼎機械廠股份有限公司,C製造業(金屬結構製造業),被夾、被捲,1,○,42767461,HHCR建造統包工程,東側管溝內,,雲林縣麥寮鄉,勞動部職業安全衛生署中區職業安全衛生中心,2019,2019-02-01,是,02
308,140,07524729,泰鑫起重工程有限公司,G批發及零售業(金屬建材批發業),墜落、滾落,1,交通部臺灣鐵路管理局宜蘭工務段,53429312,鐵路行車安全改善六年計畫（平溪線K10+724.43~781.25路基加固修復工程）,新北市平溪區106線62.7K,2267,新北市平溪區中華街10號之1旁,新北市政府勞動檢查處,2019,2019-02-01,是,05
309,141,,六福開發股份有限公司,R藝術、娛樂及休閒服務業(遊樂園及主題樂園),墜落、滾落,1,無,,無,六福開發股份有限公司所屬六福村主題遊樂園魔幻劇場,2270,,勞動部職業安全衛生署北區職業安全衛生中心,2019,2019-01-31,否,01
310,142,F122371540,李oo,F營造業(機電、電信及電路設備安裝業),墜落、滾落,1,台北日記股份有限公司,53928345,大亞會館衛浴/拆除/玻璃/鐵工/隔間/鋁窗/木工含木作/水電/泥作/冷氣/壁紙地毯/弱電/消防等以上工程,編號48號房間,2266,臺北市中正區忠孝西路1段50號4樓,臺北市勞動檢查處,2019,2019-01-30,是,04
311,143,,立瑞畜產有限公司,C製造業(肉類其他加工及保藏業),物體倒塌、崩塌,1,,,,,,,勞動部職業安全衛生署中區職業安全衛生中心,2019,2019-01-28,否,02
312,144,86198092,立揚貿易有限公司,G批發及零售業(綜合商品批發業),物體倒塌、崩塌,1,,,,倉庫粽葉捆包堆置區,,,勞動部職業安全衛生署南區職業安全衛生中心,2019,2019-01-26,否,03
313,145,16378395,錦山企業有限公司 ,C製造業(預拌混凝土製造業),被夾、被捲,1,,,,錦山企業有限公司 ,2282,,勞動部職業安全衛生署北區職業安全衛生中心,2019,2019-01-23,否,01
314,146,,海洋森林游泳氧身館,R藝術、娛樂及休閒服務業(運動場館),墜落、滾落,1,無,,無,游泳池屋頂,,彰化縣員林市建國路289號,勞動部職業安全衛生署中區職業安全衛生中心,2019,2019-01-23,是,02
315,147,45570027,林O(即堃成工程行),F營造業(其他專門營造業),物體飛落,1,慶山建設股份有限公司,16683304,慶山大仁尊爵住宅大樓興建工程,地下2樓,2272,臺中市豐原區三豐路1段103巷,勞動部職業安全衛生署中區職業安全衛生中心,2019,2019-01-20,是,02
316,148,12838664,綠廾院實業有限公司,F營造業(庭園景觀工程業),物體倒塌、崩塌,1,臺北市政府工務局水利工程處,03750245,107年度河濱公園及河川區域環境委託維護工作(東右),臺北市中山區中山北路四段往士林、大直方向過了中山橋後與圓山河濱公園出口之間斜坡道,,,臺北市勞動檢查處,2019,2019-01-19,否,04
317,149,,東和鋼鐵企業股份有限公司苗栗廠,C製造業(鋼鐵軋延及擠型業),被撞,1,,,,東和鋼鐵企業股份有限公司苗栗廠成品倉庫,,,勞動部職業安全衛生署中區職業安全衛生中心,2019,2019-01-14,否,02
318,150,53593967,元昱建設開發有限公司,L不動產業(不動產開發業),墜落、滾落,1,,,薪厝3新建工程,A棟南向外牆施工架處,,台南市善化區,勞動部職業安全衛生署南區職業安全衛生中心,2019,2019-01-12,是,03
319,151,22811361,加興營造工程股份有限公司,F營造業(),墜落、滾落,1,太普開發建設股份有限公司,13040011,太普建設德北A案住宅大樓新建工程,A棟南側13樓高度約43.8公尺之吊料平臺,2279,高雄市三民區德北街與康平街交叉口,高雄市政府勞工局勞動檢查處,2019,2019-01-09,是,09
320,152,,楊OO,F營造業(建物完工裝修工程業),墜落、滾落,1,曾oo,,高雄市鼓山區oo民宅整修工程,開口部分,2279,,高雄市政府勞工局勞動檢查處,2019,2019-01-09,否,09
321,153,14054955,互助營造股份有限公司,F營造業(建築工程業),墜落、滾落,1,臺南市政府文化局,36724710,臺南市立圖書館總館新建工程,4樓柱位編號X10-X11/Y9樓版開口處,,臺南市永康區,勞動部職業安全衛生署南區職業安全衛生中心,2019,2019-01-08,是,03
322,154,,邵○○,F營造業(機電、電信及電路設備安裝業),墜落、滾落,1,謝oo,,屏東縣琉球鄉天台段603、603-1、605、605-1地號新建工程,1樓東南側浴廁內,,屏東縣琉球鄉番仔屋,勞動部職業安全衛生署南區職業安全衛生中心,2019,2019-01-05,是,03
323,155,,中鴻鋼鐵股份有限公司鋼管廠鹿港分廠,C製造業(鋼鐵軋延及擠型業),物體飛落,1,,,,4號管車解捲機入料區,2273,,勞動部職業安全衛生署中區職業安全衛生中心,2019,2019-01-03,否,02
324,156,,詮王企業社,G批發及零售業(其他機械器具批發業),墜落、滾落,1,亞大名園管理委員會,,濾水設備維修保養工程,亞大名園社區頂樓屋突水塔,,,勞動部職業安全衛生署中區職業安全衛生中心,2019,2019-01-02,否,02
